[run number];awareness-frecuency;[reporter];[final];[min];[max];[mean];[total steps]
1;500;[step];8000;0;8000;4000;8000
1;;mean [digital-knowledge] of citizens;77,67172788;20,63946718;77,90577076;66,41927755;8000
1;;cumulative-victims;16030;0;16030;8894,829771;8000
1;;ema-success-rate;0,047556073;0;0,169936512;0,06813441;8000
1;;vulnerability-index;0;0;0,47;0,019328417;8000
1;;expert-index;0,92;0;0,92;0,509725451;8000
1;;attackers-jail;9;0;28;10,45094363;8000
1;;attackers-free;31;12;40;29,54905637;8000
1;;mean [last-payoff] of attackers;-3,2;-5,3;3;-2,017910261;8000
1;;mean [aspiration-payoff] of attackers;-3,364712986;-4,084723162;0,01;-2,58277234;8000
2;500;[step];8000;0;8000;4000;8000
2;;mean [digital-knowledge] of citizens;78,51091412;19,10756075;79,22396997;66,93417876;8000
2;;cumulative-victims;16189;0;16189;9008,776653;8000
2;;ema-success-rate;0,054579574;0;0,160213469;0,065623429;8000
2;;vulnerability-index;0;0;0,53;0,022404283;8000
2;;expert-index;0,92;0;0,956666667;0,53445486;8000
2;;attackers-jail;8;0;29;10,0096238;8000
2;;attackers-free;32;11;40;29,9903762;8000
2;;mean [last-payoff] of attackers;-1,5;-5,7;2,5;-2,102699663;8000
2;;mean [aspiration-payoff] of attackers;-2,688624508;-4,22370935;0,01;-2,670481368;8000
3;500;[step];8000;0;8000;4000;8000
3;;mean [digital-knowledge] of citizens;77,32283999;20,21812733;78,52121352;66,68646841;8000
3;;cumulative-victims;16052;0;16052;8946,189976;8000
3;;ema-success-rate;0,05692876;0;0,154039387;0,066582613;8000
3;;vulnerability-index;0;0;0,523333333;0,019079698;8000
3;;expert-index;0,89;0;0,94;0,517035371;8000
3;;attackers-jail;7;0;26;9,934508186;8000
3;;attackers-free;33;14;40;30,06549181;8000
3;;mean [last-payoff] of attackers;-1,2;-5,2;2,9;-2,05168104;8000
3;;mean [aspiration-payoff] of attackers;-2,859303853;-3,689303064;0,01;-2,622584899;8000
4;500;[step];8000;0;8000;4000;8000
4;;mean [digital-knowledge] of citizens;78,9011447;20,65427359;78,9011447;66,79864376;8000
4;;cumulative-victims;16176;0;16176;8976,544807;8000
4;;ema-success-rate;0,053595043;0;0,15564071;0,067087633;8000
4;;vulnerability-index;0;0;0,496666667;0,018704329;8000
4;;expert-index;0,943333333;0;0,943333333;0,519449652;8000
4;;attackers-jail;7;0;25;10,17610299;8000
4;;attackers-free;33;15;40;29,82389701;8000
4;;mean [last-payoff] of attackers;-2,2;-5,4;2,6;-2,041132358;8000
4;;mean [aspiration-payoff] of attackers;-3,20960854;-3,976942099;0,06438;-2,59063203;8000
5;500;[step];8000;0;8000;4000;8000
5;;mean [digital-knowledge] of citizens;77,65516221;21,09644291;78,47161943;66,49024539;8000
5;;cumulative-victims;15958;0;15958;8841,96038;8000
5;;ema-success-rate;0,055745687;0;0,165126365;0,066284193;8000
5;;vulnerability-index;0;0;0,456666667;0,019431738;8000
5;;expert-index;0,903333333;0;0,916666667;0,509386743;8000
5;;attackers-jail;7;0;26;10,29858768;8000
5;;attackers-free;33;14;40;29,70141232;8000
5;;mean [last-payoff] of attackers;-2,5;-5,4;2,6;-2,061354831;8000
5;;mean [aspiration-payoff] of attackers;-2,998844684;-3,984327272;0,046182815;-2,631839065;8000
6;500;[step];8000;0;8000;4000;8000
6;;mean [digital-knowledge] of citizens;78,5168454;20,04002983;79,32170603;67,20011291;8000
6;;cumulative-victims;16145;0;16145;8989,989126;8000
6;;ema-success-rate;0,05108551;0;0,155197933;0,065837011;8000
6;;vulnerability-index;0;0;0,523333333;0,019537558;8000
6;;expert-index;0,923333333;0;0,97;0,543099613;8000
6;;attackers-jail;14;0;24;9,629421322;8000
6;;attackers-free;26;16;40;30,37057868;8000
6;;mean [last-payoff] of attackers;-2,7;-5,5;5;-2,115748031;8000
6;;mean [aspiration-payoff] of attackers;-2,515814103;-3,823706369;0,68124238;-2,647639178;8000
7;500;[step];8000;0;8000;4000;8000
7;;mean [digital-knowledge] of citizens;77,95920144;20,41661741;77,95920144;65,84059424;8000
7;;cumulative-victims;15980;0;15980;8817,742157;8000
7;;ema-success-rate;0,053414002;0;0,16010512;0,067704962;8000
7;;vulnerability-index;0;0;0,496666667;0,019292172;8000
7;;expert-index;0,9;0;0,906666667;0,482821314;8000
7;;attackers-jail;11;0;31;10,73428321;8000
7;;attackers-free;29;9;40;29,26571679;8000
7;;mean [last-payoff] of attackers;-2,6;-5,7;5,4;-2,007411574;8000
7;;mean [aspiration-payoff] of attackers;-3,796964121;-4,178211279;0,391623931;-2,581445411;8000
8;500;[step];8000;0;8000;4000;8000
8;;mean [digital-knowledge] of citizens;77,88137465;20,39752589;78,35671831;66,48768006;8000
8;;cumulative-victims;16000;0;16000;8916,08149;8000
8;;ema-success-rate;0,048033362;0;0,166096318;0,066413805;8000
8;;vulnerability-index;0;0;0,473333333;0,022011415;8000
8;;expert-index;0,896666667;0;0,933333333;0,515943007;8000
8;;attackers-jail;12;0;24;10,1176103;8000
8;;attackers-free;28;16;40;29,8823897;8000
8;;mean [last-payoff] of attackers;-2,8;-5,3;3,1;-2,084089489;8000
8;;mean [aspiration-payoff] of attackers;-3,321264662;-4,112481192;0,245911479;-2,680705878;8000
9;500;[step];8000;0;8000;4000;8000
9;;mean [digital-knowledge] of citizens;77,39342217;18,65810253;79,29493891;66,90690035;8000
9;;cumulative-victims;16066;0;16066;8989,940632;8000
9;;ema-success-rate;0,049887062;0;0,177619287;0,066057001;8000
9;;vulnerability-index;0;0;0,576666667;0,024585677;8000
9;;expert-index;0,91;0;0,96;0,548271049;8000
9;;attackers-jail;5;0;26;10,00274966;8000
9;;attackers-free;35;14;40;29,99725034;8000
9;;mean [last-payoff] of attackers;-3,2;-6,2;2,8;-2,125459318;8000
9;;mean [aspiration-payoff] of attackers;-2,774667808;-4,12961766;0,01;-2,697866484;8000
10;500;[step];8000;0;8000;4000;8000
10;;mean [digital-knowledge] of citizens;76,19084263;19,43593925;77,31340705;65,70835011;8000
10;;cumulative-victims;15926;0;15926;8848,344707;8000
10;;ema-success-rate;0,056179747;0;0,164345193;0,068157928;8000
10;;vulnerability-index;0;0;0,526666667;0,023937008;8000
10;;expert-index;0,873333333;0;0,913333333;0,497158272;8000
10;;attackers-jail;9;0;29;10,3632046;8000
10;;attackers-free;31;11;40;29,6367954;8000
10;;mean [last-payoff] of attackers;-1;-5,3;3,3;-1,98600175;8000
10;;mean [aspiration-payoff] of attackers;-2,694845286;-3,798378123;0,039573104;-2,544797422;8000
11;1000;[step];8000;0;8000;4000;8000
11;;mean [digital-knowledge] of citizens;69,49773452;19,74904343;70,02086691;57,04634177;8000
11;;cumulative-victims;18676;0;18676;10219,80652;8000
11;;ema-success-rate;0,074547586;0;0,166223355;0,085811766;8000
11;;vulnerability-index;0;0;0,52;0,033073782;8000
11;;expert-index;0,506666667;0;0,516666667;0,195467233;8000
11;;attackers-jail;11;0;27;12,13610799;8000
11;;attackers-free;29;13;40;27,86389201;8000
11;;mean [last-payoff] of attackers;-0,4;-5;4,4;-1,537045369;8000
11;;mean [aspiration-payoff] of attackers;-2,526645687;-3,273245015;0,01;-2,044974762;8000
12;1000;[step];8000;0;8000;4000;8000
12;;mean [digital-knowledge] of citizens;68,99250591;20,62949463;69,43396572;56,45355828;8000
12;;cumulative-victims;18520;0;18520;10100,90926;8000
12;;ema-success-rate;0,078463363;0;0,159594978;0,085658078;8000
12;;vulnerability-index;0;0;0,473333333;0,033397075;8000
12;;expert-index;0,446666667;0;0,476666667;0,163990335;8000
12;;attackers-jail;11;0;22;12,24496938;8000
12;;attackers-free;29;18;40;27,75503062;8000
12;;mean [last-payoff] of attackers;-1,9;-4,5;2,7;-1,530658668;8000
12;;mean [aspiration-payoff] of attackers;-2,20949651;-3,306654533;0,02229425;-2,064984954;8000
13;1000;[step];8000;0;8000;4000;8000
13;;mean [digital-knowledge] of citizens;69,95599613;19,80074308;70,59399516;55,82956268;8000
13;;cumulative-victims;18640;0;18640;10097,87877;8000
13;;ema-success-rate;0,070703002;0;0,1612111;0,086503922;8000
13;;vulnerability-index;0;0;0,513333333;0,037357414;8000
13;;expert-index;0,513333333;0;0,536666667;0,167794859;8000
13;;attackers-jail;8;0;27;12,51131109;8000
13;;attackers-free;32;13;40;27,48868891;8000
13;;mean [last-payoff] of attackers;-1,7;-5,9;3,7;-1,5223972;8000
13;;mean [aspiration-payoff] of attackers;-2,327691029;-3,447284553;0,197633746;-2,067464349;8000
14;1000;[step];8000;0;8000;4000;8000
14;;mean [digital-knowledge] of citizens;71,44382086;19,09500144;72,77677607;57,83578139;8000
14;;cumulative-victims;18822;0;18822;10306,05699;8000
14;;ema-success-rate;0,083723713;0;0,162788053;0,08518646;8000
14;;vulnerability-index;0;0;0,546666667;0,034494022;8000
14;;expert-index;0,586666667;0;0,69;0,227596967;8000
14;;attackers-jail;9;0;23;11,41269841;8000
14;;attackers-free;31;17;40;28,58730159;8000
14;;mean [last-payoff] of attackers;-0,6;-4,8;3,1;-1,602687164;8000
14;;mean [aspiration-payoff] of attackers;-1,985911812;-3,417864018;0,01;-2,095452158;8000
15;1000;[step];8000;0;8000;4000;8000
15;;mean [digital-knowledge] of citizens;69,06993634;18,91996354;69,06993634;56,19128517;8000
15;;cumulative-victims;18659;0;18659;10198,90314;8000
15;;ema-success-rate;0,078291758;0;0,161723483;0,087263777;8000
15;;vulnerability-index;0;0;0,543333333;0,039955006;8000
15;;expert-index;0,446666667;0;0,48;0,179195101;8000
15;;attackers-jail;7;0;25;12,30783652;8000
15;;attackers-free;33;15;40;27,69216348;8000
15;;mean [last-payoff] of attackers;-0,6;-4,5;2,6;-1,509561305;8000
15;;mean [aspiration-payoff] of attackers;-2,22634758;-2,982330316;0,355301667;-2,0102012;8000
16;1000;[step];8000;0;8000;4000;8000
16;;mean [digital-knowledge] of citizens;68,10025547;20,80768276;69,59865267;56,03185767;8000
16;;cumulative-victims;18563;0;18563;10118,92326;8000
16;;ema-success-rate;0,083527359;0;0,16361869;0,087621789;8000
16;;vulnerability-index;0;0;0,48;0,031681873;8000
16;;expert-index;0,396666667;0;0,503333333;0,151998917;8000
16;;attackers-jail;14;0;28;12,28246469;8000
16;;attackers-free;26;12;40;27,71753531;8000
16;;mean [last-payoff] of attackers;-2,1;-4,9;2,4;-1,463942007;8000
16;;mean [aspiration-payoff] of attackers;-1,779181997;-3,030724739;0,01;-1,958220891;8000
17;1000;[step];8000;0;8000;4000;8000
17;;mean [digital-knowledge] of citizens;70,64945419;20,91930495;71,84715107;58,11097469;8000
17;;cumulative-victims;18633;0;18633;10207,99563;8000
17;;ema-success-rate;0,073587192;0;0,162657865;0,083325483;8000
17;;vulnerability-index;0;0;0,5;0,030428696;8000
17;;expert-index;0,54;0;0,64;0,223309586;8000
17;;attackers-jail;8;0;27;11,07386577;8000
17;;attackers-free;32;13;40;28,92613423;8000
17;;mean [last-payoff] of attackers;-2,3;-4,9;3,1;-1,642194726;8000
17;;mean [aspiration-payoff] of attackers;-2,329275927;-3,394890996;0,130607451;-2,133788993;8000
18;1000;[step];8000;0;8000;4000;8000
18;;mean [digital-knowledge] of citizens;70,17315081;20,27810605;70,17315081;55,75663136;8000
18;;cumulative-victims;18638;0;18638;10081,23197;8000
18;;ema-success-rate;0,080219431;0;0,162614624;0,088082707;8000
18;;vulnerability-index;0;0;0,473333333;0,035164771;8000
18;;expert-index;0,52;0;0,52;0,164200725;8000
18;;attackers-jail;10;0;23;12,37907762;8000
18;;attackers-free;30;17;40;27,62092238;8000
18;;mean [last-payoff] of attackers;-1,7;-4,7;2,2;-1,479640045;8000
18;;mean [aspiration-payoff] of attackers;-2,108805665;-3,320303317;0,13289425;-1,990451979;8000
19;1000;[step];8000;0;8000;4000;8000
19;;mean [digital-knowledge] of citizens;69,6906761;20,3332124;70,00334513;56,55527749;8000
19;;cumulative-victims;18659;0;18659;10159,30709;8000
19;;ema-success-rate;0,074883026;0;0,162500901;0,086805679;8000
19;;vulnerability-index;0;0;0,466666667;0,033767446;8000
19;;expert-index;0,48;0;0,513333333;0,168302712;8000
19;;attackers-jail;14;0;27;11,98350206;8000
19;;attackers-free;26;13;40;28,01649794;8000
19;;mean [last-payoff] of attackers;-3,1;-4,6;3,4;-1,509911261;8000
19;;mean [aspiration-payoff] of attackers;-2,168758376;-3,053219462;0,071227596;-2,01845063;8000
20;1000;[step];8000;0;8000;4000;8000
20;;mean [digital-knowledge] of citizens;69,25397844;19,15118133;70,61847305;56,69163818;8000
20;;cumulative-victims;18694;0;18694;10236,86302;8000
20;;ema-success-rate;0,074046958;0;0,158673192;0,086874988;8000
20;;vulnerability-index;0;0;0,556666667;0,03234804;8000
20;;expert-index;0,443333333;0;0,563333333;0,176605841;8000
20;;attackers-jail;9;0;24;12,13448319;8000
20;;attackers-free;31;16;40;27,86551681;8000
20;;mean [last-payoff] of attackers;-2,8;-4,8;3,3;-1,506474191;8000
20;;mean [aspiration-payoff] of attackers;-2,405837676;-3,257551551;0,378601582;-1,992405084;8000
21;1500;[step];8000;0;8000;4000;8000
21;;mean [digital-knowledge] of citizens;65,86948085;19,02727181;67,80248085;52,98553461;8000
21;;cumulative-victims;20016;0;20016;10796,78565;8000
21;;ema-success-rate;0,069960102;0;0,162127998;0,094843702;8000
21;;vulnerability-index;0;0;0,513333333;0,04770362;8000
21;;expert-index;0,326666667;0;0,413333333;0,122813815;8000
21;;attackers-jail;8;0;23;12,43432071;8000
21;;attackers-free;32;17;40;27,56567929;8000
21;;mean [last-payoff] of attackers;-3;-5,5;2,7;-1,377652793;8000
21;;mean [aspiration-payoff] of attackers;-2,643395968;-3,281747975;0,137922372;-1,830878221;8000
22;1500;[step];8000;0;8000;4000;8000
22;;mean [digital-knowledge] of citizens;64,3736676;18,65342578;68,3818345;53,96490948;8000
22;;cumulative-victims;19885;0;19885;10826,43595;8000
22;;ema-success-rate;0,072531286;0;0,161101562;0,091000044;8000
22;;vulnerability-index;0;0;0,55;0,047815273;8000
22;;expert-index;0,266666667;0;0,426666667;0,144328626;8000
22;;attackers-jail;9;0;25;11,79227597;8000
22;;attackers-free;31;15;40;28,20772403;8000
22;;mean [last-payoff] of attackers;-1,6;-6,2;5;-1,47144107;8000
22;;mean [aspiration-payoff] of attackers;-2,300801689;-3,092591741;0,747029331;-1,907552619;8000
23;1500;[step];8000;0;8000;4000;8000
23;;mean [digital-knowledge] of citizens;62,66416696;20,69534653;66,73316696;53,74897768;8000
23;;cumulative-victims;19747;0;19747;10744,14673;8000
23;;ema-success-rate;0,072093357;0;0,155180375;0,092419795;8000
23;;vulnerability-index;0;0;0,493333333;0,035152273;8000
23;;expert-index;0,213333333;0;0,386666667;0,116138816;8000
23;;attackers-jail;13;0;23;12,18535183;8000
23;;attackers-free;27;17;40;27,81464817;8000
23;;mean [last-payoff] of attackers;-0,8;-4,6;2,8;-1,406149231;8000
23;;mean [aspiration-payoff] of attackers;-2,364048528;-3,049181107;0,432401918;-1,845470873;8000
24;1500;[step];8000;0;8000;4000;8000
24;;mean [digital-knowledge] of citizens;64,03114102;19,07827432;67,67459295;52,86651027;8000
24;;cumulative-victims;19874;0;19874;10775,60517;8000
24;;ema-success-rate;0,072737591;0;0,161173972;0,093645698;8000
24;;vulnerability-index;0;0;0,53;0,055035204;8000
24;;expert-index;0,27;0;0,39;0,123163771;8000
24;;attackers-jail;7;0;33;12,53180852;8000
24;;attackers-free;33;7;40;27,46819148;8000
24;;mean [last-payoff] of attackers;-1,2;-4,6;3,3;-1,408611424;8000
24;;mean [aspiration-payoff] of attackers;-2,200844922;-3,166359376;0,492530515;-1,857034621;8000
25;1500;[step];8000;0;8000;4000;8000
25;;mean [digital-knowledge] of citizens;63,291822;18,54691974;68,82769417;53,41754654;8000
25;;cumulative-victims;19823;0;19823;10805,69904;8000
25;;ema-success-rate;0,071324143;0;0,16219572;0,092068709;8000
25;;vulnerability-index;0;0;0,576666667;0,046207141;8000
25;;expert-index;0,196666667;0;0,45;0,130710328;8000
25;;attackers-jail;11;0;31;12,22872141;8000
25;;attackers-free;29;9;40;27,77127859;8000
25;;mean [last-payoff] of attackers;-1,9;-5;3,1;-1,437295338;8000
25;;mean [aspiration-payoff] of attackers;-2,334939995;-3,413702748;0,29276592;-1,884642612;8000
26;1500;[step];8000;0;8000;4000;8000
26;;mean [digital-knowledge] of citizens;66,25367765;21,17645583;68,72967765;53,80360233;8000
26;;cumulative-victims;19883;0;19883;10718,93051;8000
26;;ema-success-rate;0,074624469;0;0,173464126;0,091799316;8000
26;;vulnerability-index;0;0;0,476666667;0,034593176;8000
26;;expert-index;0,37;0;0,473333333;0,128588926;8000
26;;attackers-jail;11;0;24;12,23084614;8000
26;;attackers-free;29;16;40;27,76915386;8000
26;;mean [last-payoff] of attackers;-0,9;-6,1;4;-1,44528184;8000
26;;mean [aspiration-payoff] of attackers;-3,038113154;-3,087054812;0,01;-1,922573607;8000
27;1500;[step];8000;0;8000;4000;8000
27;;mean [digital-knowledge] of citizens;61,45271309;20,17497332;65,13704643;51,29791001;8000
27;;cumulative-victims;19687;0;19687;10630,34333;8000
27;;ema-success-rate;0,073037705;0;0,165608825;0,095768147;8000
27;;vulnerability-index;0;0;0,473333333;0,042485939;8000
27;;expert-index;0,2;0;0,286666667;0,077893597;8000
27;;attackers-jail;12;0;26;12,96912886;8000
27;;attackers-free;28;14;40;27,03087114;8000
27;;mean [last-payoff] of attackers;-1,9;-4,2;3,5;-1,308823897;8000
27;;mean [aspiration-payoff] of attackers;-2,467715322;-2,837947239;0,153388064;-1,758991218;8000
28;1500;[step];8000;0;8000;4000;8000
28;;mean [digital-knowledge] of citizens;63,72836081;20,33165522;66,99202748;53,19826432;8000
28;;cumulative-victims;19799;0;19799;10737,51431;8000
28;;ema-success-rate;0,077623142;0;0,163205761;0,094280468;8000
28;;vulnerability-index;0;0;0,48;0,047912761;8000
28;;expert-index;0,23;0;0,366666667;0,12061159;8000
28;;attackers-jail;9;0;29;12,60817398;8000
28;;attackers-free;31;11;40;27,39182602;8000
28;;mean [last-payoff] of attackers;-1,6;-5;2,7;-1,391288589;8000
28;;mean [aspiration-payoff] of attackers;-2,257225497;-3,025676828;0,292496021;-1,847061816;8000
29;1500;[step];8000;0;8000;4000;8000
29;;mean [digital-knowledge] of citizens;63,40174173;21,10941339;67,2025105;52,37150082;8000
29;;cumulative-victims;19764;0;19764;10653,42182;8000
29;;ema-success-rate;0,070625817;0;0,166430564;0,095305019;8000
29;;vulnerability-index;0;0;0,463333333;0,045050202;8000
29;;expert-index;0,253333333;0;0,416666667;0,112496771;8000
29;;attackers-jail;10;0;27;12,49343832;8000
29;;attackers-free;30;13;40;27,50656168;8000
29;;mean [last-payoff] of attackers;-1,4;-4,8;3,6;-1,354843145;8000
29;;mean [aspiration-payoff] of attackers;-2,332956318;-3,104845902;0,01;-1,782962646;8000
30;1500;[step];8000;0;8000;4000;8000
30;;mean [digital-knowledge] of citizens;61,80659228;19,73934135;66,91659228;51,91105906;8000
30;;cumulative-victims;19771;0;19771;10710,01737;8000
30;;ema-success-rate;0,071548749;0;0,164599951;0,09578157;8000
30;;vulnerability-index;0;0;0,516666667;0,04256343;8000
30;;expert-index;0,186666667;0;0,37;0,095237262;8000
30;;attackers-jail;10;0;28;13,14785652;8000
30;;attackers-free;30;12;40;26,85214348;8000
30;;mean [last-payoff] of attackers;-1,7;-4,1;4;-1,319610049;8000
30;;mean [aspiration-payoff] of attackers;-1,988273613;-2,919857123;0,39408475;-1,800119316;8000
