[run number];awareness-frecuency;awareness-intensity;[reporter];[final];[min];[max];[mean];[total steps]
1;1000;0,1;[step];8000;0;8000;4000;8000
1;;;mean [digital-knowledge] of citizens;61,23506591;19,75364284;63,22485101;51,24199024;8000
1;;;cumulative-victims;20338;0;20338;10936,40045;8000
1;;;ema-success-rate;0,074592084;0;0,166490868;0,09648437;8000
1;;;vulnerability-index;0;0;0,516666667;0,035708453;8000
1;;;expert-index;0,146666667;0;0,26;0,071903095;8000
1;;;attackers-jail;14;0;25;12,74215723;8000
1;;;attackers-free;26;15;40;27,25784277;8000
1;;;mean [last-payoff] of attackers;-2,2;-4,3;3,3;-1,310086239;8000
1;;;mean [aspiration-payoff] of attackers;-2,157929002;-2,787481724;0,274242061;-1,767487743;8000
2;1000;0,1;[step];8000;0;8000;4000;8000
2;;;mean [digital-knowledge] of citizens;60,48771053;18,9052811;61,76078948;50,17569405;8000
2;;;cumulative-victims;20378;0;20378;10931,73191;8000
2;;;ema-success-rate;0,0953382;0;0,161165905;0,099358397;8000
2;;;vulnerability-index;0;0;0,536666667;0,037349081;8000
2;;;expert-index;0,133333333;0;0,2;0,061652293;8000
2;;;attackers-jail;13;0;23;13,35420572;8000
2;;;attackers-free;27;17;40;26,64579428;8000
2;;;mean [last-payoff] of attackers;-1,7;-4,8;2,7;-1,242044744;8000
2;;;mean [aspiration-payoff] of attackers;-1,496012997;-2,868209258;0,01;-1,693776819;8000
3;1000;0,1;[step];8000;0;8000;4000;8000
3;;;mean [digital-knowledge] of citizens;61,08707062;19,45573717;61,08707062;50,72029283;8000
3;;;cumulative-victims;20344;0;20344;10912,52568;8000
3;;;ema-success-rate;0,080483515;0;0,161052404;0,097754051;8000
3;;;vulnerability-index;0;0;0,546666667;0,036814565;8000
3;;;expert-index;0,176666667;0;0,176666667;0,061281506;8000
3;;;attackers-jail;11;0;24;12,74128234;8000
3;;;attackers-free;29;16;40;27,25871766;8000
3;;;mean [last-payoff] of attackers;-1,6;-7,1;2,4;-1,287551556;8000
3;;;mean [aspiration-payoff] of attackers;-2,339628855;-2,664102298;0,01;-1,72882243;8000
4;1000;0,1;[step];8000;0;8000;4000;8000
4;;;mean [digital-knowledge] of citizens;61,94725854;19,58024592;61,94725854;50,31458551;8000
4;;;cumulative-victims;20407;0;20407;10904,7879;8000
4;;;ema-success-rate;0,090830625;0;0,177944741;0,099545816;8000
4;;;vulnerability-index;0,003333333;0;0,546666667;0,039834604;8000
4;;;expert-index;0,21;0;0,21;0,06850477;8000
4;;;attackers-jail;17;0;23;13,03012123;8000
4;;;attackers-free;23;17;40;26,96987877;8000
4;;;mean [last-payoff] of attackers;-0,5;-5,5;3,2;-1,259092613;8000
4;;;mean [aspiration-payoff] of attackers;-1,987075782;-2,804203128;0,218952326;-1,701801192;8000
5;1000;0,1;[step];8000;0;8000;4000;8000
5;;;mean [digital-knowledge] of citizens;62,97522197;20,58765989;62,97522197;50,77084507;8000
5;;;cumulative-victims;20369;0;20369;10855,36858;8000
5;;;ema-success-rate;0,078604787;0;0,163251928;0,098012624;8000
5;;;vulnerability-index;0;0;0,496666667;0,041583969;8000
5;;;expert-index;0,236666667;0;0,236666667;0,076180894;8000
5;;;attackers-jail;6;0;27;12,83664542;8000
5;;;attackers-free;34;13;40;27,16335458;8000
5;;;mean [last-payoff] of attackers;-1,3;-5,1;2,8;-1,303462067;8000
5;;;mean [aspiration-payoff] of attackers;-2,067232052;-2,795391601;0,01;-1,761919199;8000
6;1000;0,1;[step];8000;0;8000;4000;8000
6;;;mean [digital-knowledge] of citizens;59,2706731;20,04272213;62,91662111;50,2204849;8000
6;;;cumulative-victims;20205;0;20205;10847,78265;8000
6;;;ema-success-rate;0,083160489;0;0,176808929;0,099029797;8000
6;;;vulnerability-index;0;0;0,49;0,045668875;8000
6;;;expert-index;0,103333333;0;0,226666667;0,067044536;8000
6;;;attackers-jail;10;0;29;13,3208349;8000
6;;;attackers-free;30;11;40;26,6791651;8000
6;;;mean [last-payoff] of attackers;-2,2;-4,1;3,9;-1,265854268;8000
6;;;mean [aspiration-payoff] of attackers;-1,828824811;-2,737396612;0,03713204;-1,714180345;8000
7;1000;0,1;[step];8000;0;8000;4000;8000
7;;;mean [digital-knowledge] of citizens;61,47632696;19,38464852;61,47632696;50,66316907;8000
7;;;cumulative-victims;20393;0;20393;10923,84377;8000
7;;;ema-success-rate;0,090494091;0;0,171064435;0,098467267;8000
7;;;vulnerability-index;0;0;0,533333333;0,045887181;8000
7;;;expert-index;0,19;0;0,19;0,072662167;8000
7;;;attackers-jail;10;0;28;13,15023122;8000
7;;;attackers-free;30;12;40;26,84976878;8000
7;;;mean [last-payoff] of attackers;-1,2;-6,1;2,6;-1,278377703;8000
7;;;mean [aspiration-payoff] of attackers;-1,598294443;-2,877508831;0,162159754;-1,761394368;8000
8;1000;0,1;[step];8000;0;8000;4000;8000
8;;;mean [digital-knowledge] of citizens;60,4609668;19,57267308;60,4609668;51,01545635;8000
8;;;cumulative-victims;20296;0;20296;10912,16985;8000
8;;;ema-success-rate;0,077795368;0;0,153576184;0,096304753;8000
8;;;vulnerability-index;0;0;0,523333333;0,029233846;8000
8;;;expert-index;0,186666667;0;0,186666667;0,05219056;8000
8;;;attackers-jail;12;0;22;12,87851519;8000
8;;;attackers-free;28;18;40;27,12148481;8000
8;;;mean [last-payoff] of attackers;-1,9;-4,6;3,3;-1,295450569;8000
8;;;mean [aspiration-payoff] of attackers;-2,067580893;-2,726590755;0,135374;-1,790088939;8000
9;1000;0,1;[step];8000;0;8000;4000;8000
9;;;mean [digital-knowledge] of citizens;62,51853679;19,96577288;62,51853679;50,85440184;8000
9;;;cumulative-victims;20408;0;20408;10917,27322;8000
9;;;ema-success-rate;0,080309112;0;0,169495658;0,098325739;8000
9;;;vulnerability-index;0;0;0,496666667;0,038091489;8000
9;;;expert-index;0,196666667;0;0,196666667;0,06938966;8000
9;;;attackers-jail;13;0;24;13,14610674;8000
9;;;attackers-free;27;16;40;26,85389326;8000
9;;;mean [last-payoff] of attackers;-1,3;-4,8;4;-1,289463817;8000
9;;;mean [aspiration-payoff] of attackers;-2,379490436;-3,045810029;0,17728596;-1,757052006;8000
10;1000;0,1;[step];8000;0;8000;4000;8000
10;;;mean [digital-knowledge] of citizens;63,25859979;19,65718771;63,25859979;49,93116152;8000
10;;;cumulative-victims;20486;0;20486;10878,01775;8000
10;;;ema-success-rate;0,083676448;0;0,161734735;0,099823338;8000
10;;;vulnerability-index;0;0;0,503333333;0,044207391;8000
10;;;expert-index;0,273333333;0;0,273333333;0,065292672;8000
10;;;attackers-jail;12;0;27;12,97137858;8000
10;;;attackers-free;28;13;40;27,02862142;8000
10;;;mean [last-payoff] of attackers;-2;-4,4;3,3;-1,249543807;8000
10;;;mean [aspiration-payoff] of attackers;-1,822888857;-2,897474803;0,103043307;-1,678310196;8000
11;1000;0,2;[step];8000;0;8000;4000;8000
11;;;mean [digital-knowledge] of citizens;70,14406645;20,28293466;70,26443717;56,50190056;8000
11;;;cumulative-victims;18614;0;18614;10111,40407;8000
11;;;ema-success-rate;0,088453615;0;0,161978897;0,085851785;8000
11;;;vulnerability-index;0;0;0,496666667;0,037199517;8000
11;;;expert-index;0,53;0;0,53;0,17978461;8000
11;;;attackers-jail;14;0;26;11,9416323;8000
11;;;attackers-free;26;14;40;28,0583677;8000
11;;;mean [last-payoff] of attackers;-0,4;-4,9;2,4;-1,553168354;8000
11;;;mean [aspiration-payoff] of attackers;-1,922740302;-3,328433483;0,143962067;-2,07597897;8000
12;1000;0,2;[step];8000;0;8000;4000;8000
12;;;mean [digital-knowledge] of citizens;69,89401961;21,44748014;70,19419118;57,3275983;8000
12;;;cumulative-victims;18604;0;18604;10146,61455;8000
12;;;ema-success-rate;0,07118632;0;0,154531985;0,084594155;8000
12;;;vulnerability-index;0;0;0,466666667;0,02818981;8000
12;;;expert-index;0,53;0;0,53;0,185808024;8000
12;;;attackers-jail;10;0;26;12,03024622;8000
12;;;attackers-free;30;14;40;27,96975378;8000
12;;;mean [last-payoff] of attackers;-1,4;-5,8;2,8;-1,563554556;8000
12;;;mean [aspiration-payoff] of attackers;-2,041217797;-3,406978764;0,01;-2,090383627;8000
13;1000;0,2;[step];8000;0;8000;4000;8000
13;;;mean [digital-knowledge] of citizens;71,32413269;21,49660432;71,539124;58,60141553;8000
13;;;cumulative-victims;18687;0;18687;10200,97588;8000
13;;;ema-success-rate;0,065929111;0;0,15337601;0,082788631;8000
13;;;vulnerability-index;0;0;0,453333333;0,029850435;8000
13;;;expert-index;0,596666667;0;0,62;0,226080907;8000
13;;;attackers-jail;12;0;22;11,07461567;8000
13;;;attackers-free;28;18;40;28,92538433;8000
13;;;mean [last-payoff] of attackers;-2,3;-5,3;2,7;-1,63472066;8000
13;;;mean [aspiration-payoff] of attackers;-2,361621612;-3,277085662;0,021428157;-2,128516202;8000
14;1000;0,2;[step];8000;0;8000;4000;8000
14;;;mean [digital-knowledge] of citizens;69,6036263;20,59079482;71,48953288;57,49497146;8000
14;;;cumulative-victims;18605;0;18605;10174,82277;8000
14;;;ema-success-rate;0,077811629;0;0,16279049;0,084822538;8000
14;;;vulnerability-index;0;0;0,47;0,037215765;8000
14;;;expert-index;0,503333333;0;0,583333333;0,209241761;8000
14;;;attackers-jail;11;0;28;11,71191101;8000
14;;;attackers-free;29;12;40;28,28808899;8000
14;;;mean [last-payoff] of attackers;-0,9;-5,1;3,5;-1,585364329;8000
14;;;mean [aspiration-payoff] of attackers;-2,07015084;-3,231039666;0,01;-2,09705712;8000
15;1000;0,2;[step];8000;0;8000;4000;8000
15;;;mean [digital-knowledge] of citizens;70,69959507;19,23909527;70,69959507;56,14283026;8000
15;;;cumulative-victims;18737;0;18737;10169,99088;8000
15;;;ema-success-rate;0,067404438;0;0,155838571;0,086522512;8000
15;;;vulnerability-index;0;0;0,503333333;0,037618631;8000
15;;;expert-index;0,546666667;0;0,546666667;0,176197975;8000
15;;;attackers-jail;6;0;28;12,0623672;8000
15;;;attackers-free;34;12;40;27,9376328;8000
15;;;mean [last-payoff] of attackers;-3,1;-6;3,6;-1,522172228;8000
15;;;mean [aspiration-payoff] of attackers;-2,187787722;-3,146596638;0,01;-1,996682042;8000
16;1000;0,2;[step];8000;0;8000;4000;8000
16;;;mean [digital-knowledge] of citizens;69,68248817;19,81586818;69,68248817;55,77699924;8000
16;;;cumulative-victims;18697;0;18697;10141,3882;8000
16;;;ema-success-rate;0,080598356;0;0,168033876;0,088822362;8000
16;;;vulnerability-index;0;0;0,5;0,040195809;8000
16;;;expert-index;0,503333333;0;0,503333333;0,15631921;8000
16;;;attackers-jail;7;0;27;12,55818023;8000
16;;;attackers-free;33;13;40;27,44181977;8000
16;;;mean [last-payoff] of attackers;-2,5;-4,9;5,1;-1,45064367;8000
16;;;mean [aspiration-payoff] of attackers;-2,090841938;-3,03438068;0,491499163;-1,955714643;8000
17;1000;0,2;[step];8000;0;8000;4000;8000
17;;;mean [digital-knowledge] of citizens;70,71863105;20,02357706;70,71863105;56,40145369;8000
17;;;cumulative-victims;18676;0;18676;10156,8394;8000
17;;;ema-success-rate;0,080951945;0;0,159366357;0,086116814;8000
17;;;vulnerability-index;0;0;0,496666667;0,034843978;8000
17;;;expert-index;0,53;0;0,543333333;0,17295963;8000
17;;;attackers-jail;12;0;30;12,46406699;8000
17;;;attackers-free;28;10;40;27,53593301;8000
17;;;mean [last-payoff] of attackers;-2;-4,5;3,1;-1,542094738;8000
17;;;mean [aspiration-payoff] of attackers;-1,802921498;-3,617448982;0,05981925;-2,085214352;8000
18;1000;0,2;[step];8000;0;8000;4000;8000
18;;;mean [digital-knowledge] of citizens;70,60883633;20,05254064;71,01804541;58,15126207;8000
18;;;cumulative-victims;18708;0;18708;10267,30846;8000
18;;;ema-success-rate;0,069650559;0;0,168505203;0,083376675;8000
18;;;vulnerability-index;0;0;0,5;0,032815065;8000
18;;;expert-index;0,566666667;0;0,583333333;0,220054993;8000
18;;;attackers-jail;7;0;25;11,35533058;8000
18;;;attackers-free;33;15;40;28,64466942;8000
18;;;mean [last-payoff] of attackers;0,8;-5,2;3,4;-1,622609674;8000
18;;;mean [aspiration-payoff] of attackers;-2,291314952;-3,254739216;0,01;-2,114716421;8000
19;1000;0,2;[step];8000;0;8000;4000;8000
19;;;mean [digital-knowledge] of citizens;72,19094761;19,83933611;72,19094761;57,14230349;8000
19;;;cumulative-victims;18810;0;18810;10207,06412;8000
19;;;ema-success-rate;0,07568505;0;0,172634166;0,086179607;8000
19;;;vulnerability-index;0;0;0,513333333;0,03487814;8000
19;;;expert-index;0,636666667;0;0,636666667;0,202796317;8000
19;;;attackers-jail;9;0;25;11,43194601;8000
19;;;attackers-free;31;15;40;28,56805399;8000
19;;;mean [last-payoff] of attackers;-2,8;-4,7;2,6;-1,561267342;8000
19;;;mean [aspiration-payoff] of attackers;-2,095651616;-3,256204973;0,186799264;-2,019069392;8000
20;1000;0,2;[step];8000;0;8000;4000;8000
20;;;mean [digital-knowledge] of citizens;69,63115672;19,8829033;69,63115672;56,08836018;8000
20;;;cumulative-victims;18642;0;18642;10134,24109;8000
20;;;ema-success-rate;0,081844079;0;0,159848754;0,087103511;8000
20;;;vulnerability-index;0;0;0,496666667;0,037031621;8000
20;;;expert-index;0,49;0;0,49;0,165061034;8000
20;;;attackers-jail;12;0;27;12,53630796;8000
20;;;attackers-free;28;13;40;27,46369204;8000
20;;;mean [last-payoff] of attackers;-1,8;-4,5;3,4;-1,49823772;8000
20;;;mean [aspiration-payoff] of attackers;-1,803678251;-3,344039347;0,01;-2,048976644;8000
21;1000;0,4;[step];8000;0;8000;4000;8000
21;;;mean [digital-knowledge] of citizens;82,26296014;19,92348224;83,15215428;66,19342875;8000
21;;;cumulative-victims;16000;0;16000;8998,433821;8000
21;;;ema-success-rate;0,055811704;0;0,157858146;0,067181237;8000
21;;;vulnerability-index;0;0;0,49;0,029185935;8000
21;;;expert-index;0,996666667;0;1;0,526495855;8000
21;;;attackers-jail;12;0;28;10,28621422;8000
21;;;attackers-free;28;12;40;29,71378578;8000
21;;;mean [last-payoff] of attackers;-1,5;-5,9;4,7;-2,066841645;8000
21;;;mean [aspiration-payoff] of attackers;-2,77481647;-4,24753845;0,525881635;-2,642426635;8000
22;1000;0,4;[step];8000;0;8000;4000;8000
22;;;mean [digital-knowledge] of citizens;83,4677744;19,02642398;83,4677744;65,81664166;8000
22;;;cumulative-victims;16024;0;16024;8943,72016;8000
22;;;ema-success-rate;0,062367656;0;0,166391098;0,067867667;8000
22;;;vulnerability-index;0;0;0,523333333;0,036185477;8000
22;;;expert-index;0,993333333;0;1;0,525933008;8000
22;;;attackers-jail;8;0;26;10,89313836;8000
22;;;attackers-free;32;14;40;29,10686164;8000
22;;;mean [last-payoff] of attackers;-1,5;-5,5;3,8;-2,040694913;8000
22;;;mean [aspiration-payoff] of attackers;-2,57736997;-4,25902368;0,099400882;-2,681618177;8000
23;1000;0,4;[step];8000;0;8000;4000;8000
23;;;mean [digital-knowledge] of citizens;82,96828332;19,29345183;82,96828332;66,14643463;8000
23;;;cumulative-victims;15966;0;15966;8970,901387;8000
23;;;ema-success-rate;0,053580822;0;0,159796197;0,066796747;8000
23;;;vulnerability-index;0;0;0,526666667;0,029901679;8000
23;;;expert-index;0,996666667;0;0,996666667;0,521551056;8000
23;;;attackers-jail;10;0;24;10,31971004;8000
23;;;attackers-free;30;16;40;29,68028996;8000
23;;;mean [last-payoff] of attackers;-2,2;-5,4;2,7;-2,067904012;8000
23;;;mean [aspiration-payoff] of attackers;-2,935133401;-4,497437957;0,017961824;-2,638468397;8000
24;1000;0,4;[step];8000;0;8000;4000;8000
24;;;mean [digital-knowledge] of citizens;82,2685418;18,79751744;82,3666161;65,98054603;8000
24;;;cumulative-victims;15914;0;15914;8951,063742;8000
24;;;ema-success-rate;0,063815195;0;0,157282851;0,066898637;8000
24;;;vulnerability-index;0;0;0,536666667;0,039458401;8000
24;;;expert-index;0,986666667;0;1;0,538198142;8000
24;;;attackers-jail;17;0;24;10,58405199;8000
24;;;attackers-free;23;16;40;29,41594801;8000
24;;;mean [last-payoff] of attackers;-0,9;-5,5;4,9;-2,104274466;8000
24;;;mean [aspiration-payoff] of attackers;-2,736422747;-4,384993169;0,01;-2,724762119;8000
25;1000;0,4;[step];8000;0;8000;4000;8000
25;;;mean [digital-knowledge] of citizens;82,15998786;19,87509504;82,15998786;65,61292056;8000
25;;;cumulative-victims;15896;0;15896;8909,63742;8000
25;;;ema-success-rate;0,054474133;0;0,160591853;0,068469474;8000
25;;;vulnerability-index;0;0;0,533333333;0,037594051;8000
25;;;expert-index;0,99;0;1;0,520557014;8000
25;;;attackers-jail;5;0;26;10,75515561;8000
25;;;attackers-free;35;14;40;29,24484439;8000
25;;;mean [last-payoff] of attackers;-3,3;-5,1;3,8;-2,00919885;8000
25;;;mean [aspiration-payoff] of attackers;-3,106424889;-4,053143972;0,01;-2,615540617;8000
26;1000;0,4;[step];8000;0;8000;4000;8000
26;;;mean [digital-knowledge] of citizens;82,55498714;19,40314618;82,55498714;66,88440759;8000
26;;;cumulative-victims;16019;0;16019;9036,652543;8000
26;;;ema-success-rate;0,063170882;0;0,160903306;0,065856843;8000
26;;;vulnerability-index;0;0;0,536666667;0,028977211;8000
26;;;expert-index;1;0;1;0,560069158;8000
26;;;attackers-jail;10;0;25;10,27134108;8000
26;;;attackers-free;30;15;40;29,72865892;8000
26;;;mean [last-payoff] of attackers;-2,5;-5,4;2,9;-2,14255718;8000
26;;;mean [aspiration-payoff] of attackers;-2,518541585;-4,446125955;0,235244975;-2,754267552;8000
27;1000;0,4;[step];8000;0;8000;4000;8000
27;;;mean [digital-knowledge] of citizens;82,29819149;20,25626026;83,06048867;66,68624155;8000
27;;;cumulative-victims;15932;0;15932;8937,253468;8000
27;;;ema-success-rate;0,06173637;0;0,161915308;0,066583757;8000
27;;;vulnerability-index;0;0;0,51;0,036508353;8000
27;;;expert-index;1;0;1;0,559215515;8000
27;;;attackers-jail;10;0;30;10,5864267;8000
27;;;attackers-free;30;10;40;29,4135733;8000
27;;;mean [last-payoff] of attackers;-2,8;-6,3;3,2;-2,125296838;8000
27;;;mean [aspiration-payoff] of attackers;-3,379014575;-4,317922578;0,101559063;-2,75421725;8000
28;1000;0,4;[step];8000;0;8000;4000;8000
28;;;mean [digital-knowledge] of citizens;84,13022788;20,13724277;84,13022788;67,51350165;8000
28;;;cumulative-victims;16056;0;16056;9036,925884;8000
28;;;ema-success-rate;0,055169454;0;0,159278696;0,064272852;8000
28;;;vulnerability-index;0;0;0,51;0,031204433;8000
28;;;expert-index;0,996666667;0;1;0,57949298;8000
28;;;attackers-jail;3;0;26;9,806149231;8000
28;;;attackers-free;37;14;40;30,19385077;8000
28;;;mean [last-payoff] of attackers;-2,6;-6;7,4;-2,251056118;8000
28;;;mean [aspiration-payoff] of attackers;-3,140274432;-4,483288765;0,4596705;-2,804351066;8000
29;1000;0,4;[step];8000;0;8000;4000;8000
29;;;mean [digital-knowledge] of citizens;82,22526375;19,24520177;82,81110625;66,21454481;8000
29;;;cumulative-victims;15944;0;15944;8950,009249;8000
29;;;ema-success-rate;0,057616972;0;0,16388403;0,066755304;8000
29;;;vulnerability-index;0;0;0,52;0,033483315;8000
29;;;expert-index;0,993333333;0;0,996666667;0,543735783;8000
29;;;attackers-jail;11;0;29;10,18222722;8000
29;;;attackers-free;29;11;40;29,81777278;8000
29;;;mean [last-payoff] of attackers;-1,1;-5,6;2,8;-2,094350706;8000
29;;;mean [aspiration-payoff] of attackers;-2,835031876;-4,239069629;0,193012174;-2,637543577;8000
30;1000;0,4;[step];8000;0;8000;4000;8000
30;;;mean [digital-knowledge] of citizens;82,27129337;21,02646266;82,27129337;66,60633878;8000
30;;;cumulative-victims;15867;0;15867;8923,247344;8000
30;;;ema-success-rate;0,055859947;0;0,163077754;0,066368844;8000
30;;;vulnerability-index;0;0;0,463333333;0,030613673;8000
30;;;expert-index;0,993333333;0;0,993333333;0,548136483;8000
30;;;attackers-jail;8;0;25;10,32945882;8000
30;;;attackers-free;32;15;40;29,67054118;8000
30;;;mean [last-payoff] of attackers;-2,6;-6;2,8;-2,116872891;8000
30;;;mean [aspiration-payoff] of attackers;-3,004202353;-4,104446736;0,011261581;-2,695631635;8000
