[run number];train-frecuency;[reporter];[final];[min];[max];[mean];[total steps]
1;500;[step];8000;0;8000;4000;8000
1;;mean [digital-knowledge] of citizens;74,05498953;20,48454631;74,30236701;62,85990364;8000
1;;cumulative-victims;16875;0;16875;9276,471191;8000
1;;ema-success-rate;0,065904156;0;0,164745518;0,074327782;8000
1;;vulnerability-index;0;0;0,513333333;0,039039703;8000
1;;expert-index;0,593333333;0;0,6;0,420647836;8000
1;;attackers-jail;13;0;26;11,28471441;8000
1;;attackers-free;27;14;40;28,71528559;8000
1;;mean [last-payoff] of attackers;-0,4;-5,1;2,7;-1,831246094;8000
1;;mean [aspiration-payoff] of attackers;-2,517533436;-3,606998711;0,187432892;-2,411921439;8000
2;500;[step];8000;0;8000;4000;8000
2;;mean [digital-knowledge] of citizens;74,07173326;20,18852298;74,74655132;62,17259754;8000
2;;cumulative-victims;16952;0;16952;9259,738283;8000
2;;ema-success-rate;0,065230423;0;0,164802369;0,075397166;8000
2;;vulnerability-index;0;0;0,5;0,043602466;8000
2;;expert-index;0,576666667;0;0,65;0,412625505;8000
2;;attackers-jail;12;0;27;11,08998875;8000
2;;attackers-free;28;13;40;28,91001125;8000
2;;mean [last-payoff] of attackers;-1,5;-4,8;2,2;-1,792863392;8000
2;;mean [aspiration-payoff] of attackers;-2,546764071;-3,474339616;0,01;-2,333981727;8000
3;500;[step];8000;0;8000;4000;8000
3;;mean [digital-knowledge] of citizens;74,42856611;19,04783338;74,92217987;63,65785841;8000
3;;cumulative-victims;17021;0;17021;9398,934633;8000
3;;ema-success-rate;0,060263559;0;0,162564221;0,07208682;8000
3;;vulnerability-index;0;0;0,513333333;0,03455943;8000
3;;expert-index;0,613333333;0;0,64;0,435506395;8000
3;;attackers-jail;6;0;22;10,31396075;8000
3;;attackers-free;34;18;40;29,68603925;8000
3;;mean [last-payoff] of attackers;-3,6;-5;2,9;-1,901049869;8000
3;;mean [aspiration-payoff] of attackers;-2,515159573;-3,709608328;0,0630085;-2,412916311;8000
4;500;[step];8000;0;8000;4000;8000
4;;mean [digital-knowledge] of citizens;75,18474606;19,93143884;75,18474606;62,94748575;8000
4;;cumulative-victims;17019;0;17019;9318,151231;8000
4;;ema-success-rate;0,063376634;0;0,167441544;0,073621605;8000
4;;vulnerability-index;0;0;0,496666667;0,039239678;8000
4;;expert-index;0,616666667;0;0,626666667;0,420174145;8000
4;;attackers-jail;14;0;25;10,78702662;8000
4;;attackers-free;26;15;40;29,21297338;8000
4;;mean [last-payoff] of attackers;-1;-5,3;3,5;-1,86127984;8000
4;;mean [aspiration-payoff] of attackers;-2,911381783;-3,541688153;0,35347525;-2,391299753;8000
5;500;[step];8000;0;8000;4000;8000
5;;mean [digital-knowledge] of citizens;73,1241697;19,67101051;74,34020972;62,87880663;8000
5;;cumulative-victims;16873;0;16873;9321,033246;8000
5;;ema-success-rate;0,06082426;0;0,167277421;0,073577447;8000
5;;vulnerability-index;0;0;0,463333333;0,034711494;8000
5;;expert-index;0,576666667;0;0,63;0,414749406;8000
5;;attackers-jail;6;0;26;11,11461067;8000
5;;attackers-free;34;14;40;28,88538933;8000
5;;mean [last-payoff] of attackers;-1,7;-5,2;2,9;-1,818735158;8000
5;;mean [aspiration-payoff] of attackers;-2,693924664;-3,718066116;0,219835583;-2,384734136;8000
6;500;[step];8000;0;8000;4000;8000
6;;mean [digital-knowledge] of citizens;74,50301258;19,97987638;74,81546885;63,34314188;8000
6;;cumulative-victims;16924;0;16924;9325,446569;8000
6;;ema-success-rate;0,060748859;0;0,157329845;0,07334493;8000
6;;vulnerability-index;0;0;0,483333333;0,02992251;8000
6;;expert-index;0,616666667;0;0,643333333;0,416009249;8000
6;;attackers-jail;8;0;25;10,65104362;8000
6;;attackers-free;32;15;40;29,34895638;8000
6;;mean [last-payoff] of attackers;-2,2;-4,8;3,1;-1,831746032;8000
6;;mean [aspiration-payoff] of attackers;-2,554909576;-3,526108417;0,07171925;-2,355549977;8000
7;500;[step];8000;0;8000;4000;8000
7;;mean [digital-knowledge] of citizens;73,57669489;20,01106672;74,29588245;62,89142793;8000
7;;cumulative-victims;16994;0;16994;9317,403075;8000
7;;ema-success-rate;0,058256267;0;0,165078054;0,074261854;8000
7;;vulnerability-index;0;0;0,513333333;0,041047786;8000
7;;expert-index;0,586666667;0;0,636666667;0,422340957;8000
7;;attackers-jail;8;0;29;11,04149481;8000
7;;attackers-free;32;11;40;28,95850519;8000
7;;mean [last-payoff] of attackers;-2,7;-4,8;2,3;-1,826146732;8000
7;;mean [aspiration-payoff] of attackers;-2,733817843;-3,41625005;0,087555556;-2,352256226;8000
8;500;[step];8000;0;8000;4000;8000
8;;mean [digital-knowledge] of citizens;73,77847084;18,60236859;74,1211114;61,65211827;8000
8;;cumulative-victims;16930;0;16930;9277,599425;8000
8;;ema-success-rate;0,067561076;0;0,176128248;0,077141137;8000
8;;vulnerability-index;0;0;0,54;0,045407241;8000
8;;expert-index;0,583333333;0;0,593333333;0,391900179;8000
8;;attackers-jail;13;0;28;11,56867892;8000
8;;attackers-free;27;12;40;28,43132108;8000
8;;mean [last-payoff] of attackers;-0,2;-5,2;3;-1,721984752;8000
8;;mean [aspiration-payoff] of attackers;-2,546045827;-3,595390453;0,279519914;-2,269607994;8000
9;500;[step];8000;0;8000;4000;8000
9;;mean [digital-knowledge] of citizens;73,94800285;20,6614037;75,56360458;63,59073205;8000
9;;cumulative-victims;16829;0;16829;9257,539308;8000
9;;ema-success-rate;0,061982371;0;0,163454639;0,073367185;8000
9;;vulnerability-index;0;0;0,51;0,03733575;8000
9;;expert-index;0,583333333;0;0,64;0,437905262;8000
9;;attackers-jail;8;0;24;10,52418448;8000
9;;attackers-free;32;16;40;29,47581552;8000
9;;mean [last-payoff] of attackers;-3,4;-5,4;2,5;-1,876590426;8000
9;;mean [aspiration-payoff] of attackers;-2,74723758;-3,867007664;0,01;-2,413274922;8000
10;500;[step];8000;0;8000;4000;8000
10;;mean [digital-knowledge] of citizens;74,9886606;21,13586429;75,35073048;64,00932003;8000
10;;cumulative-victims;16937;0;16937;9330,900012;8000
10;;ema-success-rate;0,058295407;0;0,160655001;0,072342285;8000
10;;vulnerability-index;0;0;0,473333333;0,033041703;8000
10;;expert-index;0,603333333;0;0,646666667;0,438474357;8000
10;;attackers-jail;7;0;31;10,28333958;8000
10;;attackers-free;33;9;40;29,71666042;8000
10;;mean [last-payoff] of attackers;-1,7;-5,7;3,1;-1,900612423;8000
10;;mean [aspiration-payoff] of attackers;-2,754731309;-3,687002078;0,01;-2,446278765;8000
11;1000;[step];8000;0;8000;4000;8000
11;;mean [digital-knowledge] of citizens;67,01648747;19,93408127;67,16958996;53,88859285;8000
11;;cumulative-victims;19271;0;19271;10397,64167;8000
11;;ema-success-rate;0,080766317;0;0,163417366;0,090852797;8000
11;;vulnerability-index;0;0;0,506666667;0,054731909;8000
11;;expert-index;0,366666667;0;0,373333333;0,214898971;8000
11;;attackers-jail;11;0;26;12,59030121;8000
11;;attackers-free;29;14;40;27,40969879;8000
11;;mean [last-payoff] of attackers;-3,1;-4,5;2,9;-1,434033246;8000
11;;mean [aspiration-payoff] of attackers;-1,939104193;-3,319213744;0,01;-1,941451473;8000
12;1000;[step];8000;0;8000;4000;8000
12;;mean [digital-knowledge] of citizens;68,2500518;20,02400578;68,2500518;55,67095259;8000
12;;cumulative-victims;19342;0;19342;10483,71204;8000
12;;ema-success-rate;0,069481228;0;0,16262064;0,088325799;8000
12;;vulnerability-index;0;0;0,496666667;0,046514602;8000
12;;expert-index;0,396666667;0;0,396666667;0,234409865;8000
12;;attackers-jail;12;0;28;11,83652043;8000
12;;attackers-free;28;12;40;28,16347957;8000
12;;mean [last-payoff] of attackers;-0,8;-4,7;2,6;-1,519960005;8000
12;;mean [aspiration-payoff] of attackers;-2,403402135;-3,090900059;0,106943296;-2,004956827;8000
13;1000;[step];8000;0;8000;4000;8000
13;;mean [digital-knowledge] of citizens;67,12485924;20,422757;67,12485924;55,35802009;8000
13;;cumulative-victims;19223;0;19223;10459,25672;8000
13;;ema-success-rate;0,082699579;0;0,159378162;0,088562803;8000
13;;vulnerability-index;0;0;0,486666667;0,039700871;8000
13;;expert-index;0,38;0;0,386666667;0,222326376;8000
13;;attackers-jail;13;0;24;11,97000375;8000
13;;attackers-free;27;16;40;28,02999625;8000
13;;mean [last-payoff] of attackers;-0,3;-6,9;3;-1,489863767;8000
13;;mean [aspiration-payoff] of attackers;-2,277707521;-3,07334563;0,027946731;-1,983788376;8000
14;1000;[step];8000;0;8000;4000;8000
14;;mean [digital-knowledge] of citizens;66,43479391;19,37072167;66,43479391;53,48049737;8000
14;;cumulative-victims;19328;0;19328;10443,25897;8000
14;;ema-success-rate;0,082504079;0;0,171772303;0,09181309;8000
14;;vulnerability-index;0;0;0,503333333;0,049883765;8000
14;;expert-index;0,373333333;0;0,373333333;0,202092238;8000
14;;attackers-jail;10;0;28;12,79327584;8000
14;;attackers-free;30;12;40;27,20672416;8000
14;;mean [last-payoff] of attackers;-2,6;-4,4;3,1;-1,403349581;8000
14;;mean [aspiration-payoff] of attackers;-2,350429809;-3,035174384;0,384857853;-1,891162603;8000
15;1000;[step];8000;0;8000;4000;8000
15;;mean [digital-knowledge] of citizens;67,46433437;21,25367979;68,14075963;55,90092247;8000
15;;cumulative-victims;19297;0;19297;10482,87427;8000
15;;ema-success-rate;0,072861077;0;0,158703048;0,088826312;8000
15;;vulnerability-index;0;0;0,456666667;0,032341374;8000
15;;expert-index;0,37;0;0,39;0,22976253;8000
15;;attackers-jail;9;0;24;11,83239595;8000
15;;attackers-free;31;16;40;28,16760405;8000
15;;mean [last-payoff] of attackers;-2,8;-4,5;2,7;-1,503449569;8000
15;;mean [aspiration-payoff] of attackers;-2,353037203;-3,184156868;0,163549574;-1,95340015;8000
16;1000;[step];8000;0;8000;4000;8000
16;;mean [digital-knowledge] of citizens;67,13425386;20,2404989;67,13425386;53,88773808;8000
16;;cumulative-victims;19290;0;19290;10402,9615;8000
16;;ema-success-rate;0,087700086;0;0,160894767;0,091657571;8000
16;;vulnerability-index;0;0;0,49;0,04687914;8000
16;;expert-index;0,373333333;0;0,376666667;0,209479648;8000
16;;attackers-jail;6;0;25;12,41332333;8000
16;;attackers-free;34;15;40;27,58667667;8000
16;;mean [last-payoff] of attackers;-1,8;-4,7;3,2;-1,416647919;8000
16;;mean [aspiration-payoff] of attackers;-2,158460466;-3,061318724;0,01;-1,903177915;8000
17;1000;[step];8000;0;8000;4000;8000
17;;mean [digital-knowledge] of citizens;67,19707497;21,48511148;67,19707497;54,58870948;8000
17;;cumulative-victims;19271;0;19271;10373,75928;8000
17;;ema-success-rate;0,084134721;0;0,167070987;0,090646266;8000
17;;vulnerability-index;0;0;0,453333333;0,039141357;8000
17;;expert-index;0,363333333;0;0,363333333;0,206287964;8000
17;;attackers-jail;10;0;28;12,56092988;8000
17;;attackers-free;30;12;40;27,43907012;8000
17;;mean [last-payoff] of attackers;-0,9;-4,3;2,4;-1,425346832;8000
17;;mean [aspiration-payoff] of attackers;-2,340928821;-2,930394014;0,01;-1,923209739;8000
18;1000;[step];8000;0;8000;4000;8000
18;;mean [digital-knowledge] of citizens;66,83097804;20,02965441;66,9245447;53,91113072;8000
18;;cumulative-victims;19370;0;19370;10464,2141;8000
18;;ema-success-rate;0,072233724;0;0,168754839;0,091916868;8000
18;;vulnerability-index;0;0;0,513333333;0,043464567;8000
18;;expert-index;0,35;0;0,373333333;0,205875516;8000
18;;attackers-jail;8;0;23;12,38545182;8000
18;;attackers-free;32;17;40;27,61454818;8000
18;;mean [last-payoff] of attackers;-0,6;-4,8;3;-1,403937008;8000
18;;mean [aspiration-payoff] of attackers;-2,167719791;-3,118683173;0,091633194;-1,880793193;8000
19;1000;[step];8000;0;8000;4000;8000
19;;mean [digital-knowledge] of citizens;66,04502499;20,04779996;66,63918754;54,92578109;8000
19;;cumulative-victims;19274;0;19274;10491,21285;8000
19;;ema-success-rate;0,072158761;0;0,163061706;0,088661802;8000
19;;vulnerability-index;0;0;0,496666667;0,041579803;8000
19;;expert-index;0,366666667;0;0,373333333;0,217904012;8000
19;;attackers-jail;8;0;23;11,9703787;8000
19;;attackers-free;32;17;40;28,0296213;8000
19;;mean [last-payoff] of attackers;-1,5;-4,6;2,8;-1,481577303;8000
19;;mean [aspiration-payoff] of attackers;-2,425333682;-3,101352343;0,016785403;-1,965022007;8000
20;1000;[step];8000;0;8000;4000;8000
20;;mean [digital-knowledge] of citizens;66,06698217;19,98849336;66,20373252;53,18910812;8000
20;;cumulative-victims;19157;0;19157;10322,19985;8000
20;;ema-success-rate;0,089059587;0;0,173512084;0,091628032;8000
20;;vulnerability-index;0;0;0,5;0,053097946;8000
20;;expert-index;0,363333333;0;0,38;0,206086323;8000
20;;attackers-jail;6;0;31;12,71241095;8000
20;;attackers-free;34;9;40;27,28758905;8000
20;;mean [last-payoff] of attackers;-2,5;-4,4;2,6;-1,413823272;8000
20;;mean [aspiration-payoff] of attackers;-1,88447204;-3,129541464;0,481461489;-1,91196734;8000
21;1500;[step];8000;0;8000;4000;8000
21;;mean [digital-knowledge] of citizens;60,94505633;19,23114106;63,37664162;49,77393489;8000
21;;cumulative-victims;20307;0;20307;10860,61817;8000
21;;ema-success-rate;0,082418426;0;0,165746469;0,100190464;8000
21;;vulnerability-index;0,003333333;0;0,53;0,056551681;8000
21;;expert-index;0,293333333;0;0,32;0,136439612;8000
21;;attackers-jail;14;0;26;13,39645044;8000
21;;attackers-free;26;14;40;26,60354956;8000
21;;mean [last-payoff] of attackers;-2,6;-4,4;3,1;-1,22672166;8000
21;;mean [aspiration-payoff] of attackers;-2,048142772;-2,76973196;0,026102154;-1,708658936;8000
22;1500;[step];8000;0;8000;4000;8000
22;;mean [digital-knowledge] of citizens;61,50058772;19,78017616;64,14258772;49,53006863;8000
22;;cumulative-victims;20342;0;20342;10856,50194;8000
22;;ema-success-rate;0,075588741;0;0,174788791;0,100563661;8000
22;;vulnerability-index;0;0;0,51;0,063169604;8000
22;;expert-index;0,293333333;0;0,33;0,135023122;8000
22;;attackers-jail;12;0;31;13,5231846;8000
22;;attackers-free;28;9;40;26,4768154;8000
22;;mean [last-payoff] of attackers;-1,4;-4,4;3,1;-1,233695788;8000
22;;mean [aspiration-payoff] of attackers;-2,349549632;-2,857235726;0,284857536;-1,69691123;8000
23;1500;[step];8000;0;8000;4000;8000
23;;mean [digital-knowledge] of citizens;61,16092822;20,32052386;62,77011376;51,4000791;8000
23;;cumulative-victims;20315;0;20315;10942,63642;8000
23;;ema-success-rate;0,075804074;0;0,161538589;0,09784538;8000
23;;vulnerability-index;0;0;0,486666667;0,041540641;8000
23;;expert-index;0,283333333;0;0,303333333;0,142523018;8000
23;;attackers-jail;12;0;25;13,07011624;8000
23;;attackers-free;28;15;40;26,92988376;8000
23;;mean [last-payoff] of attackers;-2,6;-4,7;3;-1,283827022;8000
23;;mean [aspiration-payoff] of attackers;-2,329977641;-2,839533136;0,442454377;-1,757670856;8000
24;1500;[step];8000;0;8000;4000;8000
24;;mean [digital-knowledge] of citizens;59,9266705;21,21718505;63,39649769;51,02379347;8000
24;;cumulative-victims;20082;0;20082;10804,78603;8000
24;;ema-success-rate;0,079448783;0;0,153117522;0,096841573;8000
24;;vulnerability-index;0;0;0,473333333;0,045796359;8000
24;;expert-index;0,23;0;0,303333333;0,144231554;8000
24;;attackers-jail;11;0;24;12,90301212;8000
24;;attackers-free;29;16;40;27,09698788;8000
24;;mean [last-payoff] of attackers;-2,3;-4,3;2,3;-1,305974253;8000
24;;mean [aspiration-payoff] of attackers;-2,173973437;-3,059695081;0,09946925;-1,774522962;8000
25;1500;[step];8000;0;8000;4000;8000
25;;mean [digital-knowledge] of citizens;60,2428408;20,24250917;64,3226139;50,69931619;8000
25;;cumulative-victims;20232;0;20232;10889,85977;8000
25;;ema-success-rate;0,072554498;0;0,160943316;0,09796606;8000
25;;vulnerability-index;0;0;0,483333333;0,057086614;8000
25;;expert-index;0,253333333;0;0,306666667;0,15437487;8000
25;;attackers-jail;9;0;25;12,99925009;8000
25;;attackers-free;31;15;40;27,00074991;8000
25;;mean [last-payoff] of attackers;-2,6;-4,8;2,5;-1,299062617;8000
25;;mean [aspiration-payoff] of attackers;-2,119221;-2,847033201;0,0111145;-1,755135252;8000
26;1500;[step];8000;0;8000;4000;8000
26;;mean [digital-knowledge] of citizens;64,19084762;20,1261844;66,72984762;52,57784427;8000
26;;cumulative-victims;20396;0;20396;10979,28046;8000
26;;ema-success-rate;0,078807199;0;0,166318079;0,095223276;8000
26;;vulnerability-index;0;0;0,49;0,050478274;8000
26;;expert-index;0,336666667;0;0,396666667;0,173939508;8000
26;;attackers-jail;14;0;27;11,99012623;8000
26;;attackers-free;26;13;40;28,00987377;8000
26;;mean [last-payoff] of attackers;-1,6;-4,4;3,6;-1,399725034;8000
26;;mean [aspiration-payoff] of attackers;-2,40156318;-3,029099262;0,100224909;-1,853698768;8000
27;1500;[step];8000;0;8000;4000;8000
27;;mean [digital-knowledge] of citizens;61,2092284;20,25493132;62,99870495;51,23159594;8000
27;;cumulative-victims;20207;0;20207;10852,15723;8000
27;;ema-success-rate;0,088708964;0;0,161774089;0,097478714;8000
27;;vulnerability-index;0;0;0,48;0,047793609;8000
27;;expert-index;0,29;0;0,3;0,148742241;8000
27;;attackers-jail;9;0;25;13,26246719;8000
27;;attackers-free;31;15;40;26,73753281;8000
27;;mean [last-payoff] of attackers;-1,7;-4,3;3,1;-1,281789776;8000
27;;mean [aspiration-payoff] of attackers;-1,877783166;-2,7589093;0,01;-1,762177573;8000
28;1500;[step];8000;0;8000;4000;8000
28;;mean [digital-knowledge] of citizens;59,83739897;20,83262632;62,48277051;50,11706519;8000
28;;cumulative-victims;20187;0;20187;10802,68041;8000
28;;ema-success-rate;0,083477816;0;0,158887404;0,098984289;8000
28;;vulnerability-index;0;0;0,463333333;0,053096696;8000
28;;expert-index;0,276666667;0;0,293333333;0,139825855;8000
28;;attackers-jail;15;0;23;13,27646544;8000
28;;attackers-free;25;17;40;26,72353456;8000
28;;mean [last-payoff] of attackers;-0,6;-5,4;3,1;-1,254343207;8000
28;;mean [aspiration-payoff] of attackers;-1,992847666;-2,797429556;0,01;-1,722126959;8000
29;1500;[step];8000;0;8000;4000;8000
29;;mean [digital-knowledge] of citizens;60,23447038;20,92906359;63,61913704;49,4478117;8000
29;;cumulative-victims;20184;0;20184;10765,3957;8000
29;;ema-success-rate;0,085177515;0;0,151454622;0,099342913;8000
29;;vulnerability-index;0;0;0,47;0,051914344;8000
29;;expert-index;0,246666667;0;0,296666667;0,132920468;8000
29;;attackers-jail;15;0;28;13,42669666;8000
29;;attackers-free;25;12;40;26,57330334;8000
29;;mean [last-payoff] of attackers;0,3;-5,1;3,1;-1,254680665;8000
29;;mean [aspiration-payoff] of attackers;-2,088230721;-3,156502874;0,021739235;-1,715346657;8000
30;1500;[step];8000;0;8000;4000;8000
30;;mean [digital-knowledge] of citizens;60,63532089;20,08798159;62,81822156;51,33207636;8000
30;;cumulative-victims;20256;0;20256;10896,26034;8000
30;;ema-success-rate;0,074097845;0;0,160984445;0,097458344;8000
30;;vulnerability-index;0;0;0,5;0,052263467;8000
30;;expert-index;0,263333333;0;0,306666667;0,149992501;8000
30;;attackers-jail;7;0;29;12,93325834;8000
30;;attackers-free;33;11;40;27,06674166;8000
30;;mean [last-payoff] of attackers;-1,5;-4,5;2,9;-1,312073491;8000
30;;mean [aspiration-payoff] of attackers;-2,021140717;-2,832702425;0,1514645;-1,779904967;8000
