[run number];train-frecuency;training-intensity;training-shares;[reporter];[final];[min];[max];[mean];[total steps]
1;1000;1,6;0,1;[step];8000;0;8000;4000;8000
1;;;;mean [digital-knowledge] of citizens;63,36392829;19,65890955;63,36392829;51,58154069;8000
1;;;;cumulative-victims;20434;0;20434;10942,3912;8000
1;;;;ema-success-rate;0,080366779;0;0,162223528;0,096778409;8000
1;;;;vulnerability-index;0;0;0,503333333;0,045294755;8000
1;;;;expert-index;0,233333333;0;0,26;0,142710495;8000
1;;;;attackers-jail;9;0;25;12,97425322;8000
1;;;;attackers-free;31;15;40;27,02574678;8000
1;;;;mean [last-payoff] of attackers;-3,7;-4,4;2,1;-1,319085114;8000
1;;;;mean [aspiration-payoff] of attackers;-2,194258923;-2,86359362;0,23805634;-1,784664931;8000
2;1000;1,6;0,1;[step];8000;0;8000;4000;8000
2;;;;mean [digital-knowledge] of citizens;61,85021644;19,92742927;61,86275215;50,98865222;8000
2;;;;cumulative-victims;20428;0;20428;10941,93238;8000
2;;;;ema-success-rate;0,085610894;0;0,163370283;0,098131124;8000
2;;;;vulnerability-index;0;0;0,493333333;0,045589718;8000
2;;;;expert-index;0,23;0;0,25;0,137645294;8000
2;;;;attackers-jail;12;0;24;12,96250469;8000
2;;;;attackers-free;28;16;40;27,03749531;8000
2;;;;mean [last-payoff] of attackers;0;-4,7;3,1;-1,286426697;8000
2;;;;mean [aspiration-payoff] of attackers;-2,282603582;-2,728414538;0,114749465;-1,751250118;8000
3;1000;1,6;0,1;[step];8000;0;8000;4000;8000
3;;;;mean [digital-knowledge] of citizens;62,97059376;20,52836836;62,97059376;51,93158869;8000
3;;;;cumulative-victims;20363;0;20363;10917,33171;8000
3;;;;ema-success-rate;0,075294141;0;0,155372692;0,095686406;8000
3;;;;vulnerability-index;0;0;0,48;0,038326043;8000
3;;;;expert-index;0,246666667;0;0,26;0,145063117;8000
3;;;;attackers-jail;10;0;25;12,54355706;8000
3;;;;attackers-free;30;15;40;27,45644294;8000
3;;;;mean [last-payoff] of attackers;-1,7;-6,1;2,9;-1,352543432;8000
3;;;;mean [aspiration-payoff] of attackers;-2,119639088;-2,908419662;0,01;-1,815558691;8000
4;1000;1,6;0,1;[step];8000;0;8000;4000;8000
4;;;;mean [digital-knowledge] of citizens;60,94433892;19,64451489;62,57527267;49,45593326;8000
4;;;;cumulative-victims;20350;0;20350;10861,83852;8000
4;;;;ema-success-rate;0,080873854;0;0,162835889;0,10020566;8000
4;;;;vulnerability-index;0;0;0,493333333;0,054962296;8000
4;;;;expert-index;0,21;0;0,266666667;0,132000583;8000
4;;;;attackers-jail;17;0;29;13,59205099;8000
4;;;;attackers-free;23;11;40;26,40794901;8000
4;;;;mean [last-payoff] of attackers;-1,9;-4,6;6,1;-1,224484439;8000
4;;;;mean [aspiration-payoff] of attackers;-2,147654433;-2,88921068;0,59132135;-1,708808529;8000
5;1000;1,6;0,1;[step];8000;0;8000;4000;8000
5;;;;mean [digital-knowledge] of citizens;61,12082921;20,03061944;62,40347327;49,83306146;8000
5;;;;cumulative-victims;20366;0;20366;10848,28596;8000
5;;;;ema-success-rate;0,098350308;0;0,162750321;0,100709578;8000
5;;;;vulnerability-index;0;0;0,523333333;0,063577053;8000
5;;;;expert-index;0,193333333;0;0,253333333;0,137560722;8000
5;;;;attackers-jail;13;0;30;13,55593051;8000
5;;;;attackers-free;27;10;40;26,44406949;8000
5;;;;mean [last-payoff] of attackers;-1,2;-5;4,6;-1,229071366;8000
5;;;;mean [aspiration-payoff] of attackers;-1,914239307;-2,644411194;0,0904145;-1,684881207;8000
6;1000;1,6;0,1;[step];8000;0;8000;4000;8000
6;;;;mean [digital-knowledge] of citizens;62,22149492;20,33602725;62,22149492;51,0567994;8000
6;;;;cumulative-victims;20438;0;20438;10924,95163;8000
6;;;;ema-success-rate;0,080813407;0;0,153815049;0,0978737;8000
6;;;;vulnerability-index;0;0;0,48;0,049086781;8000
6;;;;expert-index;0,22;0;0,233333333;0,137139108;8000
6;;;;attackers-jail;11;0;30;13,09136358;8000
6;;;;attackers-free;29;10;40;26,90863642;8000
6;;;;mean [last-payoff] of attackers;-4,2;-4,2;4,4;-1,290176228;8000
6;;;;mean [aspiration-payoff] of attackers;-2,38480888;-2,936187235;0,1153395;-1,729237556;8000
7;1000;1,6;0,1;[step];8000;0;8000;4000;8000
7;;;;mean [digital-knowledge] of citizens;61,37538443;20,9744528;61,37538443;50,69086607;8000
7;;;;cumulative-victims;20296;0;20296;10855,44407;8000
7;;;;ema-success-rate;0,084827162;0;0,168679639;0,098548827;8000
7;;;;vulnerability-index;0;0;0,446666667;0,047141607;8000
7;;;;expert-index;0,236666667;0;0,243333333;0,143658293;8000
7;;;;attackers-jail;10;0;30;13,01662292;8000
7;;;;attackers-free;30;10;40;26,98337708;8000
7;;;;mean [last-payoff] of attackers;-1,6;-4,2;2,3;-1,27647794;8000
7;;;;mean [aspiration-payoff] of attackers;-1,947702305;-2,809691376;0,07471178;-1,723889409;8000
8;1000;1,6;0,1;[step];8000;0;8000;4000;8000
8;;;;mean [digital-knowledge] of citizens;62,1893577;18,49903769;62,1893577;49,89076443;8000
8;;;;cumulative-victims;20486;0;20486;10950,45507;8000
8;;;;ema-success-rate;0,088439716;0;0,169103754;0,101128894;8000
8;;;;vulnerability-index;0;0;0,556666667;0,057603633;8000
8;;;;expert-index;0,23;0;0,246666667;0,13247719;8000
8;;;;attackers-jail;12;0;23;13,23684539;8000
8;;;;attackers-free;28;17;40;26,76315461;8000
8;;;;mean [last-payoff] of attackers;-0,2;-4,3;3,3;-1,215935508;8000
8;;;;mean [aspiration-payoff] of attackers;-2,265754301;-2,605813077;0,071196426;-1,670116266;8000
9;1000;1,6;0,1;[step];8000;0;8000;4000;8000
9;;;;mean [digital-knowledge] of citizens;62,28714971;19,2055334;62,28714971;50,00690968;8000
9;;;;cumulative-victims;20381;0;20381;10873,8254;8000
9;;;;ema-success-rate;0,088304395;0;0,166027963;0,098811981;8000
9;;;;vulnerability-index;0,003333333;0;0,543333333;0,05298921;8000
9;;;;expert-index;0,26;0;0,26;0,12840395;8000
9;;;;attackers-jail;10;0;25;12,93800775;8000
9;;;;attackers-free;30;15;40;27,06199225;8000
9;;;;mean [last-payoff] of attackers;-2;-5;2,6;-1,260104987;8000
9;;;;mean [aspiration-payoff] of attackers;-1,730880179;-2,900220216;0,01;-1,697155239;8000
10;1000;1,6;0,1;[step];8000;0;8000;4000;8000
10;;;;mean [digital-knowledge] of citizens;61,17297539;18,64911878;61,17297539;50,44037062;8000
10;;;;cumulative-victims;20398;0;20398;10962,07724;8000
10;;;;ema-success-rate;0,08964555;0;0,164852538;0,098806734;8000
10;;;;vulnerability-index;0;0;0,53;0,045797192;8000
10;;;;expert-index;0,246666667;0;0,246666667;0,131260676;8000
10;;;;attackers-jail;9;0;25;13,45231846;8000
10;;;;attackers-free;31;15;40;26,54768154;8000
10;;;;mean [last-payoff] of attackers;-1,8;-4,6;3,3;-1,258655168;8000
10;;;;mean [aspiration-payoff] of attackers;-1,904371465;-2,889874596;0,13461925;-1,734247232;8000
11;1000;1,6;0,2;[step];8000;0;8000;4000;8000
11;;;;mean [digital-knowledge] of citizens;71,56261173;19,54558475;71,98825766;57,75593542;8000
11;;;;cumulative-victims;18719;0;18719;10197,54056;8000
11;;;;ema-success-rate;0,073556878;0;0,159842741;0,083631808;8000
11;;;;vulnerability-index;0;0;0,53;0,046140066;8000
11;;;;expert-index;0,46;0;0,496666667;0,28722493;8000
11;;;;attackers-jail;14;0;27;11,13010874;8000
11;;;;attackers-free;26;13;40;28,86989126;8000
11;;;;mean [last-payoff] of attackers;-0,5;-4,7;2,9;-1,640894888;8000
11;;;;mean [aspiration-payoff] of attackers;-2,354157277;-3,681742313;0,270441826;-2,137576513;8000
12;1000;1,6;0,2;[step];8000;0;8000;4000;8000
12;;;;mean [digital-knowledge] of citizens;70,04600859;19,72078123;70,04600859;56,62026335;8000
12;;;;cumulative-victims;18803;0;18803;10246,35096;8000
12;;;;ema-success-rate;0,071735533;0;0,165976551;0,08691752;8000
12;;;;vulnerability-index;0;0;0,496666667;0,043962421;8000
12;;;;expert-index;0,45;0;0,45;0,260787402;8000
12;;;;attackers-jail;15;0;29;12,07286589;8000
12;;;;attackers-free;25;11;40;27,92713411;8000
12;;;;mean [last-payoff] of attackers;-0,5;-4,5;4,1;-1,520684914;8000
12;;;;mean [aspiration-payoff] of attackers;-2,680897082;-3,348474557;0,524697364;-2,000537775;8000
13;1000;1,6;0,2;[step];8000;0;8000;4000;8000
13;;;;mean [digital-knowledge] of citizens;72,06974354;20,54381899;72,06974354;56,65727372;8000
13;;;;cumulative-victims;18710;0;18710;10095,72991;8000
13;;;;ema-success-rate;0,068888714;0;0,166556458;0,086586378;8000
13;;;;vulnerability-index;0;0;0,48;0,05224222;8000
13;;;;expert-index;0,47;0;0,47;0,265393492;8000
13;;;;attackers-jail;15;0;32;11,99875016;8000
13;;;;attackers-free;25;8;40;28,00124984;8000
13;;;;mean [last-payoff] of attackers;-1,3;-4,9;3;-1,549431321;8000
13;;;;mean [aspiration-payoff] of attackers;-2,789688369;-3,205142632;0,22350025;-2,063512509;8000
14;1000;1,6;0,2;[step];8000;0;8000;4000;8000
14;;;;mean [digital-knowledge] of citizens;69,94640575;19,41888558;69,94640575;56,56910938;8000
14;;;;cumulative-victims;18731;0;18731;10202,79653;8000
14;;;;ema-success-rate;0,079302435;0;0,160971759;0,08602732;8000
14;;;;vulnerability-index;0;0;0,526666667;0,040949465;8000
14;;;;expert-index;0,403333333;0;0,403333333;0,251565638;8000
14;;;;attackers-jail;11;0;24;11,97850269;8000
14;;;;attackers-free;29;16;40;28,02149731;8000
14;;;;mean [last-payoff] of attackers;-1,4;-4,5;3,5;-1,526409199;8000
14;;;;mean [aspiration-payoff] of attackers;-2,399224915;-3,149885904;0,031345043;-2,000407154;8000
15;1000;1,6;0,2;[step];8000;0;8000;4000;8000
15;;;;mean [digital-knowledge] of citizens;70,05843371;19,72435252;70,05843371;57,65386426;8000
15;;;;cumulative-victims;18715;0;18715;10243,68254;8000
15;;;;ema-success-rate;0,072517539;0;0,16035117;0,083693424;8000
15;;;;vulnerability-index;0;0;0,526666667;0,039184685;8000
15;;;;expert-index;0,4;0;0,44;0,273725784;8000
15;;;;attackers-jail;14;0;28;11,27809024;8000
15;;;;attackers-free;26;12;40;28,72190976;8000
15;;;;mean [last-payoff] of attackers;-0,8;-4,6;2,4;-1,601912261;8000
15;;;;mean [aspiration-payoff] of attackers;-2,058948686;-3,243780011;0,180907503;-2,090895917;8000
16;1000;1,6;0,2;[step];8000;0;8000;4000;8000
16;;;;mean [digital-knowledge] of citizens;69,94400593;20,70553213;70,04731071;56,28602668;8000
16;;;;cumulative-victims;18618;0;18618;10077,48381;8000
16;;;;ema-success-rate;0,064172552;0;0,164600519;0,087176782;8000
16;;;;vulnerability-index;0;0;0,443333333;0,047726534;8000
16;;;;expert-index;0,38;0;0,44;0,254121568;8000
16;;;;attackers-jail;11;0;26;12,48406449;8000
16;;;;attackers-free;29;14;40;27,51593551;8000
16;;;;mean [last-payoff] of attackers;-3;-5,3;3;-1,510436195;8000
16;;;;mean [aspiration-payoff] of attackers;-2,640422239;-3,081689691;0,01;-2,030327185;8000
17;1000;1,6;0,2;[step];8000;0;8000;4000;8000
17;;;;mean [digital-knowledge] of citizens;70,30887229;19,84091332;70,30887229;56,48156723;8000
17;;;;cumulative-victims;18769;0;18769;10204,61617;8000
17;;;;ema-success-rate;0,072407395;0;0,17531813;0,087986887;8000
17;;;;vulnerability-index;0;0;0,5;0,040332875;8000
17;;;;expert-index;0,426666667;0;0,426666667;0,25181394;8000
17;;;;attackers-jail;8;0;28;12,29421322;8000
17;;;;attackers-free;32;12;40;27,70578678;8000
17;;;;mean [last-payoff] of attackers;-2,2;-5,1;2,4;-1,498112736;8000
17;;;;mean [aspiration-payoff] of attackers;-2,233283187;-3,204577163;0,261399244;-1,974703607;8000
18;1000;1,6;0,2;[step];8000;0;8000;4000;8000
18;;;;mean [digital-knowledge] of citizens;69,41790013;21,23022388;69,41790013;56,23979497;8000
18;;;;cumulative-victims;18530;0;18530;10071,86339;8000
18;;;;ema-success-rate;0,079162162;0;0,165854098;0,086491657;8000
18;;;;vulnerability-index;0;0;0,45;0,048790984;8000
18;;;;expert-index;0,403333333;0;0,416666667;0,258522685;8000
18;;;;attackers-jail;16;0;27;12,30908636;8000
18;;;;attackers-free;24;13;40;27,69091364;8000
18;;;;mean [last-payoff] of attackers;-0,1;-5,4;2,8;-1,530896138;8000
18;;;;mean [aspiration-payoff] of attackers;-1,965763519;-3,385115199;0,01;-2,062869438;8000
19;1000;1,6;0,2;[step];8000;0;8000;4000;8000
19;;;;mean [digital-knowledge] of citizens;70,20059728;18,47457172;70,20059728;55,45865035;8000
19;;;;cumulative-victims;18841;0;18841;10210,32608;8000
19;;;;ema-success-rate;0,069382195;0;0,167632896;0,088961103;8000
19;;;;vulnerability-index;0,003333333;0;0,56;0,050178728;8000
19;;;;expert-index;0,396666667;0;0,396666667;0,242690497;8000
19;;;;attackers-jail;7;0;25;12,5871766;8000
19;;;;attackers-free;33;15;40;27,4128234;8000
19;;;;mean [last-payoff] of attackers;-2,2;-4,6;2,8;-1,444694413;8000
19;;;;mean [aspiration-payoff] of attackers;-2,683966536;-3,113796743;0,296699091;-1,934391838;8000
20;1000;1,6;0,2;[step];8000;0;8000;4000;8000
20;;;;mean [digital-knowledge] of citizens;69,07336152;20,93235174;70,64450991;57,28431972;8000
20;;;;cumulative-victims;18558;0;18558;10117,03412;8000
20;;;;ema-success-rate;0,073792352;0;0,157093361;0,084665913;8000
20;;;;vulnerability-index;0;0;0,456666667;0,03752281;8000
20;;;;expert-index;0,373333333;0;0,453333333;0,26951631;8000
20;;;;attackers-jail;13;0;25;11,8087739;8000
20;;;;attackers-free;27;15;40;28,1912261;8000
20;;;;mean [last-payoff] of attackers;-1,7;-4,7;3,9;-1,574178228;8000
20;;;;mean [aspiration-payoff] of attackers;-2,277066452;-3,444082053;0,01;-2,066036859;8000
21;1000;1,6;0,4;[step];8000;0;8000;4000;8000
21;;;;mean [digital-knowledge] of citizens;83,06025975;18,64939398;83,33762376;66,40316117;8000
21;;;;cumulative-victims;16171;0;16171;9067,771154;8000
21;;;;ema-success-rate;0,050643995;0;0,164592382;0,067049224;8000
21;;;;vulnerability-index;0;0;0,53;0,046515436;8000
21;;;;expert-index;0,783333333;0;0,806666667;0,539336333;8000
21;;;;attackers-jail;7;0;31;10,19035121;8000
21;;;;attackers-free;33;9;40;29,80964879;8000
21;;;;mean [last-payoff] of attackers;-1,9;-5,5;4,3;-2,149231346;8000
21;;;;mean [aspiration-payoff] of attackers;-3,266724863;-4,594882133;0,383522779;-2,726789966;8000
22;1000;1,6;0,4;[step];8000;0;8000;4000;8000
22;;;;mean [digital-knowledge] of citizens;82,50013837;20,14383095;82,81725259;67,10927864;8000
22;;;;cumulative-victims;16099;0;16099;9035,145357;8000
22;;;;ema-success-rate;0,060364458;0;0,171793103;0,066021745;8000
22;;;;vulnerability-index;0;0;0,483333333;0,03482773;8000
22;;;;expert-index;0,746666667;0;0,78;0,531260676;8000
22;;;;attackers-jail;7;0;26;10,12210974;8000
22;;;;attackers-free;33;14;40;29,87789026;8000
22;;;;mean [last-payoff] of attackers;-2;-5,7;3,5;-2,160817398;8000
22;;;;mean [aspiration-payoff] of attackers;-2,765778008;-4,201720835;0,270323314;-2,731460057;8000
23;1000;1,6;0,4;[step];8000;0;8000;4000;8000
23;;;;mean [digital-knowledge] of citizens;82,26090865;20,3327894;83,1616098;66,29009034;8000
23;;;;cumulative-victims;15864;0;15864;8920,859143;8000
23;;;;ema-success-rate;0,063153316;0;0,149874422;0,066309897;8000
23;;;;vulnerability-index;0;0;0,5;0,032770487;8000
23;;;;expert-index;0,72;0;0,78;0,50500979;8000
23;;;;attackers-jail;7;0;27;10,095988;8000
23;;;;attackers-free;33;13;40;29,904012;8000
23;;;;mean [last-payoff] of attackers;-2;-5,8;3,1;-2,080589926;8000
23;;;;mean [aspiration-payoff] of attackers;-2,525689873;-4,311797106;0,389581762;-2,629389528;8000
24;1000;1,6;0,4;[step];8000;0;8000;4000;8000
24;;;;mean [digital-knowledge] of citizens;82,57379551;19,37539745;82,96051067;66,3171835;8000
24;;;;cumulative-victims;15938;0;15938;8944,741407;8000
24;;;;ema-success-rate;0,050598399;0;0,1611923;0,067183397;8000
24;;;;vulnerability-index;0;0;0,513333333;0,043098363;8000
24;;;;expert-index;0,75;0;0,77;0,522476357;8000
24;;;;attackers-jail;11;0;25;10,59080115;8000
24;;;;attackers-free;29;15;40;29,40919885;8000
24;;;;mean [last-payoff] of attackers;-2,2;-6,1;2,5;-2,113973253;8000
24;;;;mean [aspiration-payoff] of attackers;-3,222387561;-4,262611291;0,01;-2,715579165;8000
25;1000;1,6;0,4;[step];8000;0;8000;4000;8000
25;;;;mean [digital-knowledge] of citizens;82,41251623;20,65883278;83,2935869;65,84704045;8000
25;;;;cumulative-victims;15838;0;15838;8827,774528;8000
25;;;;ema-success-rate;0,063109628;0;0,166390551;0,068386245;8000
25;;;;vulnerability-index;0;0;0,473333333;0,045136441;8000
25;;;;expert-index;0,74;0;0,79;0,513075032;8000
25;;;;attackers-jail;14;0;29;10,78290214;8000
25;;;;attackers-free;26;11;40;29,21709786;8000
25;;;;mean [last-payoff] of attackers;-2,3;-5;2,6;-2,02952131;8000
25;;;;mean [aspiration-payoff] of attackers;-2,977975296;-4,26674949;0,01;-2,615188884;8000
26;1000;1,6;0,4;[step];8000;0;8000;4000;8000
26;;;;mean [digital-knowledge] of citizens;83,68279748;20,65236609;83,68279748;67,20710405;8000
26;;;;cumulative-victims;15992;0;15992;8950,796525;8000
26;;;;ema-success-rate;0,060214247;0;0,169899849;0,065820556;8000
26;;;;vulnerability-index;0;0;0,483333333;0,032485523;8000
26;;;;expert-index;0,776666667;0;0,79;0,537593634;8000
26;;;;attackers-jail;10;0;26;9,854268216;8000
26;;;;attackers-free;30;14;40;30,14573178;8000
26;;;;mean [last-payoff] of attackers;-0,9;-5,5;2,6;-2,16671666;8000
26;;;;mean [aspiration-payoff] of attackers;-3,210518259;-4,289771663;0,01;-2,72463174;8000
27;1000;1,6;0,4;[step];8000;0;8000;4000;8000
27;;;;mean [digital-knowledge] of citizens;82,98758949;19,83569285;82,98758949;65,53292606;8000
27;;;;cumulative-victims;16022;0;16022;8905,950506;8000
27;;;;ema-success-rate;0,056123602;0;0,157185857;0,06966322;8000
27;;;;vulnerability-index;0;0;0,503333333;0,047357414;8000
27;;;;expert-index;0,756666667;0;0,766666667;0,504326126;8000
27;;;;attackers-jail;12;0;30;10,66341707;8000
27;;;;attackers-free;28;10;40;29,33658293;8000
27;;;;mean [last-payoff] of attackers;-3,7;-5,6;4,4;-1,993150856;8000
27;;;;mean [aspiration-payoff] of attackers;-2,838242139;-4,17511819;0,296008317;-2,53511682;8000
28;1000;1,6;0,4;[step];8000;0;8000;4000;8000
28;;;;mean [digital-knowledge] of citizens;82,64643579;19,33544501;82,82519071;65,31666526;8000
28;;;;cumulative-victims;15928;0;15928;8879,776528;8000
28;;;;ema-success-rate;0,059054798;0;0,153556879;0,067936675;8000
28;;;;vulnerability-index;0;0;0,526666667;0,049687956;8000
28;;;;expert-index;0,766666667;0;0,77;0,509755031;8000
28;;;;attackers-jail;9;0;25;10,49493813;8000
28;;;;attackers-free;31;15;40;29,50506187;8000
28;;;;mean [last-payoff] of attackers;-1;-5,2;3,1;-2,061904762;8000
28;;;;mean [aspiration-payoff] of attackers;-3,273018091;-4,048241153;0,01;-2,628296055;8000
29;1000;1,6;0,4;[step];8000;0;8000;4000;8000
29;;;;mean [digital-knowledge] of citizens;82,4703263;20,66417714;83,19563742;66,42044793;8000
29;;;;cumulative-victims;15929;0;15929;8926,144857;8000
29;;;;ema-success-rate;0,049307504;0;0,154736317;0,066129623;8000
29;;;;vulnerability-index;0;0;0,46;0,036504187;8000
29;;;;expert-index;0,736666667;0;0,806666667;0,52349623;8000
29;;;;attackers-jail;9;0;28;10,21734783;8000
29;;;;attackers-free;31;12;40;29,78265217;8000
29;;;;mean [last-payoff] of attackers;-2,8;-5,9;3,4;-2,121709786;8000
29;;;;mean [aspiration-payoff] of attackers;-3,069388268;-4,437117711;0,368750142;-2,690954953;8000
30;1000;1,6;0,4;[step];8000;0;8000;4000;8000
30;;;;mean [digital-knowledge] of citizens;82,42179261;19,68580486;83,66676267;66,9204951;8000
30;;;;cumulative-victims;16069;0;16069;9069,272966;8000
30;;;;ema-success-rate;0,052413178;0;0,160884652;0,066034945;8000
30;;;;vulnerability-index;0;0;0,523333333;0,037924426;8000
30;;;;expert-index;0,726666667;0;0,826666667;0,537176186;8000
30;;;;attackers-jail;7;0;25;10,05174353;8000
30;;;;attackers-free;33;15;40;29,94825647;8000
30;;;;mean [last-payoff] of attackers;-1,8;-5,4;2,8;-2,153530809;8000
30;;;;mean [aspiration-payoff] of attackers;-2,694039754;-4,357828041;0,0210895;-2,730221064;8000
